Country Name,Country Code,Series Name,Series Code,2021 [YR2021],2022 [YR2022],2023 [YR2023]
Afghanistan,AFG,"Unemployment, total (% of total labor force) (modeled ILO estimate)",SL.UEM.TOTL.ZS,11.994,14.1,13.991
Afghanistan,AFG,Access to electricity (% of population),EG.ELC.ACCS.ZS,97.7,85.3,..
Afghanistan,AFG,"Educational attainment, at least completed lower secondary, population 25+, female (%) (cumulative)",SE.SEC.CUAT.LO.FE.ZS,6.40000009536743,7.04204988479614,..
,,,,,,
,,,,,,
,,,,,,
Data from database: World Development Indicators,,,,,,
Last Updated: 03/24/2025,,,,,,
